Episode,Global step,Critic1 Loss,Critic2 Loss,Actor Loss
38,19000,37.77886199951172,35.875362396240234,27.164091110229492
57,38000,67.99272918701172,65.36088562011719,39.0296516418457
79,57000,83.0240478515625,82.21813201904297,51.5347785949707
117,76000,84.29279327392578,87.91449737548828,64.3406982421875
152,95000,89.62692260742188,80.35249328613281,75.89726257324219
176,114000,94.77168273925781,99.40016174316406,82.38314056396484
211,133000,88.94812774658203,87.78897094726562,90.31285858154297
231,152000,70.1090087890625,70.47663116455078,99.1283187866211
269,171000,55.50489044189453,55.77559280395508,106.8113784790039
288,190000,55.46111297607422,61.62178421020508,112.36031341552734
326,209000,107.70104217529297,117.31826782226562,117.76478576660156
345,228000,61.511634826660156,69.54278564453125,123.78981018066406
364,247000,61.8501091003418,66.8887710571289,129.61997985839844
402,266000,77.32621765136719,82.5072250366211,134.36204528808594
421,285000,72.92245483398438,57.96397399902344,140.68289184570312
459,304000,44.836307525634766,43.62963104248047,147.34817504882812
497,323000,56.9384651184082,53.73674011230469,150.97698974609375
516,342000,62.95582962036133,81.25975036621094,154.39471435546875
535,361000,57.32334899902344,50.4670524597168,160.3799285888672
573,380000,78.73664093017578,102.70989990234375,165.16661071777344
611,399000,70.21414184570312,71.19241333007812,169.64793395996094
630,418000,99.54350280761719,104.52481079101562,173.0133514404297
668,437000,85.29212951660156,71.59840393066406,178.7274932861328
687,456000,140.03494262695312,134.59945678710938,182.60302734375
725,475000,151.1711883544922,152.0452423095703,187.47911071777344
763,494000,100.99444580078125,115.72392272949219,191.1553955078125
782,513000,61.4041748046875,61.047203063964844,197.08285522460938
820,532000,67.71694946289062,72.09272766113281,199.2610626220703
839,551000,129.13681030273438,132.10443115234375,203.74964904785156
877,570000,98.482421875,84.7222671508789,209.1287384033203
934,589000,119.06167602539062,96.38924407958984,211.7937469482422
953,608000,222.03286743164062,207.2446746826172,215.8395233154297
998,627000,92.04114532470703,86.75176239013672,220.1595916748047
1017,646000,114.83786010742188,113.92203521728516,223.69288635253906
1036,665000,112.81282043457031,103.28545379638672,227.96800231933594
1074,684000,129.05300903320312,125.0787353515625,231.8152618408203
1093,703000,56.49968719482422,59.843505859375,235.63954162597656
1131,722000,198.0760040283203,196.92526245117188,240.26004028320312
1169,741000,87.33106231689453,84.19914245605469,244.75067138671875
1188,760000,76.57017517089844,76.38175201416016,247.96018981933594
1226,779000,81.51077270507812,91.53509521484375,251.5418701171875
1264,798000,82.70462799072266,49.679039001464844,256.4279479980469
1302,817000,220.93560791015625,257.3817138671875,257.4749755859375
1321,836000,292.171875,277.73468017578125,261.1763000488281
1359,855000,208.3497772216797,206.0750732421875,266.11724853515625
1397,874000,127.5033950805664,111.5135269165039,267.5370788574219
1416,893000,289.9112548828125,270.208251953125,271.9128723144531
1454,912000,98.37847137451172,130.94229125976562,275.1139831542969
1492,931000,91.78412628173828,125.69668579101562,277.1821594238281
1530,950000,158.60081481933594,149.46913146972656,276.4434814453125
1568,969000,172.16183471679688,179.27732849121094,280.5011291503906
1587,988000,169.97055053710938,92.03716278076172,284.6856384277344
1625,1007000,111.91088104248047,128.10968017578125,287.7864990234375
1663,1026000,261.1775207519531,197.45907592773438,289.3669128417969
1701,1045000,91.25640869140625,111.64578247070312,291.96630859375
1739,1064000,181.01223754882812,207.43138122558594,294.6669921875
1777,1083000,450.739013671875,498.65875244140625,295.4145812988281
1815,1102000,103.91465759277344,101.21720886230469,298.14129638671875
1834,1121000,208.67550659179688,209.69778442382812,301.09039306640625
1872,1140000,157.20074462890625,165.198486328125,302.144287109375
1910,1159000,193.6197509765625,183.16455078125,303.0496520996094
1929,1178000,134.4163360595703,70.22869873046875,306.0204162597656
1967,1197000,176.9332275390625,226.2106170654297,304.8907470703125
2005,1216000,101.57360076904297,93.86048126220703,306.4837341308594
2043,1235000,154.1187744140625,153.8539276123047,307.99920654296875
2081,1254000,224.26321411132812,280.521484375,307.68939208984375
2119,1273000,214.49249267578125,214.29324340820312,311.042236328125
2157,1292000,75.00228881835938,74.60777282714844,313.1841125488281
2195,1311000,404.64263916015625,341.0077819824219,313.6262512207031
2233,1330000,327.094970703125,303.7466735839844,313.2276306152344
2271,1349000,91.79283142089844,84.30235290527344,313.97052001953125
2309,1368000,167.49932861328125,181.34423828125,315.08673095703125
2347,1387000,285.814697265625,292.51348876953125,318.24713134765625
2385,1406000,324.84954833984375,298.03094482421875,314.9592590332031
2423,1425000,280.210693359375,241.71054077148438,315.1858215332031
2461,1444000,280.9290771484375,294.5772705078125,319.43292236328125
2506,1463000,690.2258911132812,545.173583984375,318.96942138671875
2544,1482000,297.37652587890625,300.74407958984375,318.8412780761719
2575,1501000,277.110595703125,265.8641052246094,317.8704833984375
2613,1520000,167.9604034423828,172.755859375,320.18426513671875
2658,1539000,172.92181396484375,173.54547119140625,320.8929138183594
2696,1558000,183.94094848632812,142.02789306640625,320.19842529296875
2723,1577000,292.41278076171875,445.5320739746094,319.43328857421875
2761,1596000,164.36474609375,200.82235717773438,322.5001525878906
2799,1615000,111.49748992919922,91.75746154785156,322.66143798828125
2837,1634000,212.85012817382812,202.79437255859375,324.41265869140625
2875,1653000,112.55729675292969,123.70516204833984,323.77532958984375
2913,1672000,299.10906982421875,304.8765869140625,323.6837158203125
2948,1691000,263.65594482421875,439.39404296875,325.1242370605469
2989,1710000,533.5270385742188,427.09808349609375,326.6619873046875
3027,1729000,238.5003204345703,215.29910278320312,323.7923889160156
3062,1748000,224.3848876953125,205.69635009765625,325.9740905761719
3100,1767000,240.334228515625,233.22085571289062,325.6251525878906
3138,1786000,287.14764404296875,306.4988098144531,327.53363037109375
3157,1805000,458.7821044921875,412.2689208984375,330.2038269042969
3195,1824000,179.02378845214844,182.09609985351562,328.87213134765625
3252,1843000,355.4803771972656,312.37518310546875,329.6791076660156
3290,1862000,91.46769714355469,194.74484252929688,332.2015686035156
3328,1881000,95.64839935302734,112.62287902832031,329.6895751953125
3385,1900000,196.48159790039062,192.47802734375,332.99267578125
3423,1919000,232.3759765625,204.4373779296875,329.6493835449219
3461,1938000,243.04855346679688,232.57281494140625,332.1153869628906
3480,1957000,191.52548217773438,189.22515869140625,331.1315002441406
3518,1976000,226.22003173828125,267.5560607910156,332.07427978515625
3556,1995000,112.67009735107422,121.20623779296875,334.2730712890625
3594,2014000,111.76339721679688,103.66624450683594,335.7868347167969
3632,2033000,112.45206451416016,248.07077026367188,334.7125244140625
3670,2052000,252.18533325195312,249.57574462890625,333.71612548828125
3708,2071000,177.68551635742188,168.18295288085938,336.6908874511719
3746,2090000,116.9094467163086,139.33070373535156,336.5009765625
3784,2109000,287.3408508300781,227.4922637939453,337.72576904296875
3822,2128000,112.45140075683594,138.1065216064453,339.77532958984375
3860,2147000,224.02073669433594,202.60159301757812,338.689208984375
3898,2166000,545.869140625,486.4747314453125,340.10113525390625
3936,2185000,112.14044952392578,125.05867004394531,340.3467712402344
3974,2204000,394.8572082519531,355.94219970703125,342.3710632324219
4012,2223000,245.16744995117188,133.88104248046875,341.478515625
4069,2242000,152.1707763671875,158.17091369628906,343.5269775390625
4107,2261000,272.9144287109375,119.75286865234375,344.9005126953125
4145,2280000,345.7491455078125,333.5745849609375,344.854248046875
4183,2299000,288.93634033203125,281.8057861328125,344.7882385253906
4221,2318000,156.13092041015625,170.2102813720703,349.6824035644531
4259,2337000,119.45747375488281,159.7548828125,347.249267578125
4316,2356000,347.17852783203125,314.7130126953125,349.0906066894531
4354,2375000,419.25726318359375,444.6589050292969,349.03631591796875
4392,2394000,295.66278076171875,282.5927734375,350.58660888671875
4429,2413000,355.2978820800781,461.0531921386719,349.41668701171875
4467,2432000,291.24639892578125,341.26318359375,348.75115966796875
4506,2451000,134.02037048339844,142.3457794189453,350.0078430175781
4562,2470000,185.05311584472656,231.00277709960938,352.0926818847656
4601,2489000,463.212890625,494.2046203613281,350.7096862792969
4638,2508000,153.199462890625,185.27105712890625,353.342529296875
4676,2527000,504.0345764160156,479.30572509765625,355.874267578125
4715,2546000,410.3529052734375,307.8109130859375,355.763427734375
4771,2565000,272.7960205078125,326.69281005859375,356.8464050292969
4809,2584000,220.56246948242188,187.7564239501953,357.13458251953125
4847,2603000,170.1519775390625,168.7716064453125,358.4931335449219
4893,2622000,195.37210083007812,203.7726593017578,359.2552490234375
4931,2641000,248.5037841796875,291.36199951171875,359.38055419921875
4988,2660000,219.42161560058594,152.06048583984375,361.47039794921875
5026,2679000,141.99256896972656,110.78218078613281,362.25811767578125
5064,2698000,203.22723388671875,154.52822875976562,359.9900817871094
5102,2717000,221.70849609375,281.14691162109375,359.94598388671875
5147,2736000,227.86572265625,223.57864379882812,364.5917663574219
5185,2755000,526.897216796875,446.0819396972656,362.179931640625
5235,2774000,309.1219177246094,303.1610412597656,360.5366516113281
5280,2793000,269.2332763671875,255.77117919921875,364.0947265625
5311,2812000,449.15838623046875,338.65234375,359.8394470214844
5356,2831000,506.7055358886719,545.3919677734375,365.4767150878906
5406,2850000,136.50778198242188,287.1026611328125,365.6951904296875
5444,2869000,385.87939453125,341.54901123046875,367.7673034667969
5474,2888000,280.35589599609375,267.54217529296875,363.90765380859375
5525,2907000,330.6252746582031,327.1134033203125,367.476318359375
5563,2926000,352.89129638671875,394.99395751953125,368.0354919433594
5601,2945000,485.79461669921875,497.65679931640625,367.83575439453125
5639,2964000,236.7781524658203,227.9755859375,368.1651916503906
5683,2983000,174.6457977294922,132.23358154296875,366.1358947753906
5734,3002000,107.28996276855469,113.03483581542969,368.9447937011719
5772,3021000,296.3965148925781,169.58334350585938,368.35015869140625
5810,3040000,370.8302307128906,311.8795166015625,368.57611083984375
5848,3059000,414.8515930175781,416.9788818359375,368.6381530761719
5886,3078000,578.283203125,393.08984375,371.32843017578125
5943,3097000,197.8682403564453,198.32174682617188,369.7107238769531
5987,3116000,561.2847900390625,303.2153625488281,370.4241638183594
6038,3135000,131.636474609375,120.12416076660156,372.4969482421875
6082,3154000,658.7073364257812,687.0009765625,372.891357421875
6120,3173000,511.1487731933594,504.9687194824219,372.6590881347656
6158,3192000,459.7772521972656,430.780517578125,372.6361389160156
6196,3211000,377.64801025390625,392.2876892089844,372.82550048828125
6253,3230000,147.3204803466797,143.7386932373047,372.3525390625
6291,3249000,145.0010986328125,153.92689514160156,373.3764343261719
6329,3268000,458.8892517089844,547.5430908203125,374.0558776855469
6367,3287000,504.02899169921875,421.5099182128906,375.3873291015625
6405,3306000,231.71080017089844,243.46990966796875,374.3533935546875
6462,3325000,373.7930603027344,380.3369140625,375.3943176269531
6500,3344000,420.37591552734375,431.25634765625,377.45745849609375
6551,3363000,316.0027160644531,356.3020324707031,371.4366760253906
6589,3382000,257.5162658691406,246.7390899658203,376.08062744140625
6633,3401000,565.5640869140625,571.7069702148438,376.27862548828125
6670,3420000,747.9471435546875,694.7000122070312,378.83245849609375
6709,3439000,94.42959594726562,104.7162094116211,378.8933410644531
6765,3458000,173.1712646484375,226.76138305664062,376.6902770996094
6803,3477000,481.7937927246094,423.9935302734375,378.6214294433594
6841,3496000,476.9101867675781,577.4175415039062,376.8426818847656
6879,3515000,236.869873046875,246.21434020996094,379.8494567871094
6917,3534000,631.553466796875,578.2171630859375,378.5145568847656
6974,3553000,803.6185302734375,784.5574951171875,379.1249694824219
7012,3572000,678.7625732421875,473.63299560546875,383.1434326171875
7050,3591000,325.5406799316406,287.2811279296875,381.26177978515625
7088,3610000,403.6270446777344,388.811279296875,378.5025634765625
7145,3629000,366.40472412109375,532.8639526367188,385.66986083984375
7183,3648000,131.09129333496094,130.56434631347656,385.5086975097656
7221,3667000,178.56805419921875,206.70579528808594,383.6090393066406
7259,3686000,386.304931640625,388.3959655761719,384.6586608886719
7298,3705000,238.24398803710938,223.1751708984375,384.5324401855469
7336,3724000,459.41827392578125,416.10003662109375,385.4108581542969
7393,3743000,508.0634765625,398.0198974609375,385.3467712402344
7431,3762000,247.42213439941406,245.48916625976562,387.8836975097656
7469,3781000,119.1636734008789,113.94482421875,385.6773986816406
7526,3800000,470.11932373046875,309.2743225097656,387.82415771484375
7564,3819000,210.74264526367188,283.5965270996094,385.6928405761719
7602,3838000,285.3819885253906,197.1751708984375,388.2659606933594
7659,3857000,303.0376892089844,205.46267700195312,386.98834228515625
7697,3876000,421.3439025878906,331.25439453125,388.63958740234375
7754,3895000,410.5346374511719,273.1687316894531,385.1367492675781
7792,3914000,341.5135192871094,383.082275390625,388.32586669921875
7830,3933000,113.32492065429688,114.23678588867188,386.8115539550781
7887,3952000,352.0244140625,372.33953857421875,389.51556396484375
7925,3971000,284.226318359375,238.7433624267578,391.0875549316406
7963,3990000,286.3484802246094,300.07275390625,389.75445556640625
8009,4009000,454.9712219238281,424.66363525390625,386.71551513671875
8047,4028000,213.8990020751953,210.16366577148438,390.7828369140625
8096,4047000,590.2015380859375,599.3712158203125,388.39453125
8134,4066000,390.23785400390625,459.3951721191406,391.98175048828125
8180,4085000,242.408203125,234.5048370361328,393.42877197265625
8229,4104000,484.652099609375,550.322998046875,391.0033264160156
8275,4123000,149.63645935058594,151.55117797851562,396.22064208984375
8313,4142000,242.45172119140625,246.77655029296875,392.9533996582031
8362,4161000,116.5970230102539,135.4583740234375,392.3378601074219
8408,4180000,299.3580322265625,289.95172119140625,397.0046691894531
8457,4199000,555.8615112304688,509.1478271484375,396.3074951171875
8503,4218000,490.4351501464844,448.28094482421875,393.62762451171875
8552,4237000,109.09585571289062,104.880126953125,393.222900390625
8590,4256000,490.5479736328125,377.4788818359375,395.6889953613281
8628,4275000,424.18719482421875,484.2872314453125,394.84161376953125
8685,4294000,417.36785888671875,574.06591796875,396.2608947753906
8723,4313000,818.154052734375,738.912841796875,397.48919677734375
8780,4332000,578.1619262695312,637.7574462890625,394.3758239746094
8818,4351000,260.6726379394531,251.232177734375,398.2745056152344
8856,4370000,405.33642578125,381.86346435546875,395.3346862792969
8913,4389000,715.2138671875,758.9976806640625,396.5097351074219
8951,4408000,163.91949462890625,280.40106201171875,401.159423828125
9002,4427000,294.98101806640625,318.236572265625,392.5044250488281
9040,4446000,268.4285888671875,249.54345703125,399.5266418457031
9078,4465000,354.12615966796875,485.0371398925781,400.0282897949219
9135,4484000,431.12542724609375,379.7223205566406,398.6140441894531
9173,4503000,406.28509521484375,410.92022705078125,396.7527160644531
9225,4522000,399.86370849609375,361.216796875,399.48468017578125
9263,4541000,641.3280029296875,627.839111328125,398.1772155761719
9301,4560000,474.2228698730469,365.68682861328125,397.5622863769531
9344,4579000,684.258056640625,563.4703369140625,400.1735534667969
9382,4598000,589.42529296875,557.6427001953125,397.9230041503906
9434,4617000,412.97540283203125,409.9656982421875,395.4976806640625
9477,4636000,318.66253662109375,344.0663146972656,401.29345703125
9529,4655000,474.4560546875,417.7940673828125,398.6242370605469
9553,4674000,147.19317626953125,156.32666015625,397.5779724121094
9591,4693000,350.2673034667969,405.2169189453125,401.4885559082031
9648,4712000,295.3133850097656,203.6995086669922,399.835205078125
9686,4731000,265.5736999511719,224.6173095703125,396.4422912597656
9724,4750000,454.98712158203125,452.4275817871094,399.1630859375
9762,4769000,215.52093505859375,232.0883026123047,400.0371398925781
9800,4788000,395.06719970703125,426.7565612792969,401.17742919921875
9852,4807000,612.9815673828125,453.97845458984375,397.6885986328125
9895,4826000,333.5946044921875,333.3939514160156,399.7146301269531
9947,4845000,443.943603515625,421.05792236328125,399.2044372558594
9985,4864000,680.249267578125,660.9811401367188,399.7994079589844
10028,4883000,471.9408874511719,387.895263671875,401.9300231933594
10066,4902000,322.418212890625,261.98046875,401.4478454589844
10104,4921000,571.74462890625,514.0667114257812,397.3433837890625
10161,4940000,296.9238586425781,297.742919921875,397.8018493652344
10199,4959000,245.99603271484375,218.40054321289062,400.9097595214844
10251,4978000,530.871337890625,502.3873291015625,400.6240539550781
10289,4997000,576.5982666015625,614.4698486328125,396.28424072265625
10332,5016000,420.3548889160156,428.54718017578125,399.9969482421875
10370,5035000,435.24530029296875,310.85614013671875,399.3399658203125
10422,5054000,366.17535400390625,245.76141357421875,396.7872009277344
10460,5073000,270.9764404296875,258.95050048828125,403.1929016113281
10498,5092000,189.47215270996094,266.1260986328125,400.7164001464844
10536,5111000,288.1788330078125,290.2347717285156,401.8244323730469
10574,5130000,334.31640625,297.7462463378906,399.98114013671875
10612,5149000,439.0264892578125,428.243896484375,396.59228515625
10650,5168000,391.4139404296875,373.0589904785156,397.7254943847656
10707,5187000,463.2300109863281,417.35589599609375,400.9822692871094
10745,5206000,501.1957092285156,489.9796447753906,401.5257568359375
10802,5225000,683.5457763671875,869.78076171875,400.7747497558594
10840,5244000,301.2765197753906,286.802490234375,401.3373107910156
10878,5263000,393.5841979980469,307.723876953125,396.5331115722656
10935,5282000,302.96026611328125,286.703857421875,397.2176208496094
10973,5301000,273.16363525390625,249.4192352294922,399.9035339355469
11011,5320000,262.36663818359375,263.4892883300781,396.4226989746094
11068,5339000,937.50439453125,732.9013671875,397.97918701171875
11106,5358000,729.3743286132812,756.2284545898438,397.8892517089844
11163,5377000,337.9919128417969,332.5394287109375,401.0465393066406
11201,5396000,338.4217529296875,351.9330749511719,392.67474365234375
11239,5415000,222.26223754882812,199.90426635742188,397.66033935546875
11296,5434000,614.610107421875,555.4437255859375,394.0443420410156
11334,5453000,733.764892578125,667.9456176757812,399.2161560058594
11372,5472000,198.87307739257812,208.15399169921875,397.8703308105469
11429,5491000,622.5126953125,735.6068725585938,396.8178405761719
11467,5510000,283.1678466796875,285.45068359375,395.7276916503906
11524,5529000,869.181884765625,1084.985107421875,396.3776550292969
11562,5548000,445.74163818359375,372.444580078125,397.52325439453125
11600,5567000,591.8342895507812,691.48193359375,394.91827392578125
11657,5586000,353.8858642578125,355.1388854980469,395.2322082519531
11714,5605000,551.7981567382812,631.3096923828125,398.87591552734375
11752,5624000,973.420166015625,839.4366455078125,399.0859069824219
11790,5643000,346.1670227050781,347.76983642578125,398.6184997558594
11828,5662000,489.9176330566406,512.8228759765625,390.89007568359375
11866,5681000,609.0831298828125,597.08203125,396.73931884765625
11923,5700000,825.5797119140625,651.9464111328125,399.4921569824219
11961,5719000,378.09112548828125,300.44140625,394.3883056640625
12018,5738000,599.50341796875,499.3236083984375,397.7649841308594
12056,5757000,635.8076171875,604.9122314453125,392.3737487792969
12113,5776000,521.08447265625,566.676513671875,400.7007141113281
12170,5795000,730.25927734375,821.784423828125,395.9962463378906
12208,5814000,189.22006225585938,244.24607849121094,397.6712341308594
12246,5833000,408.6241455078125,460.543701171875,394.28619384765625
12303,5852000,772.5748291015625,711.4281616210938,397.60845947265625
12341,5871000,280.52740478515625,399.64044189453125,397.796875
12379,5890000,500.5402526855469,447.2792663574219,398.50347900390625
12436,5909000,131.85360717773438,144.76449584960938,397.3102111816406
12474,5928000,148.756103515625,188.93560791015625,397.5973815917969
12531,5947000,603.5924682617188,590.5653076171875,396.44818115234375
12569,5966000,180.31700134277344,182.15133666992188,398.3672180175781
12626,5985000,631.0240478515625,742.7235107421875,395.413330078125
12664,6004000,717.02880859375,698.0643920898438,398.3088073730469
12721,6023000,400.65704345703125,362.2840881347656,395.1820983886719
12759,6042000,406.23828125,365.24505615234375,397.7106628417969
12816,6061000,597.92626953125,589.75439453125,397.0897521972656
12835,6080000,153.93894958496094,170.5367431640625,400.8005676269531
12873,6099000,628.2196655273438,605.737060546875,396.2179260253906
12930,6118000,826.7698974609375,897.528564453125,398.92156982421875
12987,6137000,300.74102783203125,376.3575744628906,403.9342041015625
13025,6156000,908.13720703125,927.7547607421875,397.11920166015625
13082,6175000,427.86871337890625,415.55145263671875,398.53582763671875
13120,6194000,317.07470703125,295.6924743652344,400.9259033203125
13177,6213000,440.95367431640625,442.98004150390625,396.07464599609375
13215,6232000,691.3644409179688,674.3162841796875,394.7585144042969
13272,6251000,340.1846923828125,351.281494140625,396.7145080566406
13310,6270000,193.58038330078125,189.05474853515625,406.8542175292969
13367,6289000,468.5959777832031,398.7198791503906,398.39111328125
13405,6308000,493.9266357421875,382.8272399902344,405.33221435546875
13443,6327000,321.29193115234375,182.00009155273438,401.9197082519531
13500,6346000,996.6844482421875,968.0137939453125,398.8921813964844
13557,6365000,435.63092041015625,456.5411682128906,403.78790283203125
13595,6384000,325.8740539550781,431.31201171875,402.9422302246094
13633,6403000,335.88568115234375,268.6876220703125,395.1259460449219
13690,6422000,315.6039733886719,304.66156005859375,406.8124694824219
13728,6441000,256.741943359375,256.92584228515625,402.36578369140625
13766,6460000,473.8916931152344,307.1536865234375,404.2779846191406
13823,6479000,403.05072021484375,294.32342529296875,397.7170104980469
13861,6498000,329.60760498046875,263.4295959472656,407.9375305175781
13899,6517000,189.67739868164062,185.19415283203125,402.03955078125
13956,6536000,1420.421142578125,1346.1092529296875,408.0823059082031
14013,6555000,379.2677001953125,395.84405517578125,398.68182373046875
14051,6574000,562.5244750976562,432.04656982421875,400.7150573730469
14089,6593000,757.1041259765625,782.4797973632812,403.39813232421875
14127,6612000,483.9468078613281,505.92578125,402.8948059082031
14184,6631000,615.485595703125,660.5489501953125,401.8769226074219
14222,6650000,665.7769165039062,638.5772705078125,405.7667541503906
14260,6669000,655.633056640625,655.4072875976562,405.74346923828125
14317,6688000,763.7152099609375,720.8529663085938,403.2627258300781
14374,6707000,482.111328125,464.89056396484375,400.9921875
14412,6726000,736.1463012695312,608.9744262695312,406.3279113769531
14450,6745000,263.7345886230469,266.6943359375,404.2709655761719
14507,6764000,351.4173583984375,250.026611328125,406.853271484375
14545,6783000,174.4902801513672,200.986328125,407.83551025390625
14602,6802000,998.8529663085938,1022.117919921875,401.2059326171875
14640,6821000,572.8880615234375,590.3942260742188,401.4300842285156
14697,6840000,583.1788330078125,579.8255615234375,405.4340515136719
14735,6859000,526.7030639648438,510.6316223144531,408.12591552734375
14792,6878000,437.66790771484375,491.89837646484375,407.4551086425781
14849,6897000,558.1047973632812,548.108642578125,404.97308349609375
14887,6916000,405.6348876953125,374.1835632324219,406.24298095703125
14925,6935000,144.51022338867188,137.65478515625,407.5491027832031
14982,6954000,518.8631591796875,524.5465087890625,404.9839782714844
15020,6973000,536.828369140625,524.3673095703125,408.131591796875
15058,6992000,220.44671630859375,199.36810302734375,406.02435302734375
15096,7011000,268.5819396972656,257.4173889160156,408.8254089355469
15153,7030000,611.2205810546875,376.6405029296875,411.5003356933594
15210,7049000,629.66796875,397.9689636230469,412.2708740234375
15248,7068000,517.8887939453125,515.4816284179688,409.2071533203125
15305,7087000,851.9906005859375,838.03466796875,411.26318359375
15343,7106000,671.8045043945312,736.9317626953125,413.8219909667969
15400,7125000,521.2447509765625,618.7274169921875,413.78173828125
15457,7144000,751.3233642578125,712.670166015625,412.1569519042969
15495,7163000,877.2620849609375,859.3638916015625,412.6100769042969
15552,7182000,176.35736083984375,187.84930419921875,412.49517822265625
15609,7201000,860.9664306640625,884.0833740234375,410.9898681640625
15647,7220000,578.624755859375,645.7412719726562,415.4320983886719
15704,7239000,412.8543701171875,525.6036376953125,413.8865661621094
15761,7258000,536.5587768554688,521.5057373046875,415.800537109375
15799,7277000,189.16502380371094,206.3522186279297,417.33294677734375
15856,7296000,579.1298828125,397.01226806640625,414.77935791015625
15913,7315000,304.29388427734375,279.9508056640625,411.96331787109375
15951,7334000,516.667724609375,476.4149169921875,410.1888732910156
16008,7353000,246.579833984375,236.4814453125,412.3088073730469
16027,7372000,870.8319091796875,864.6854248046875,418.45037841796875
16084,7391000,547.6002807617188,559.84619140625,416.9460754394531
16141,7410000,551.7271728515625,541.1979370117188,418.6399841308594
16179,7429000,238.1648406982422,248.69981384277344,415.03924560546875
16236,7448000,344.2840576171875,319.8709716796875,417.8388977050781
16274,7467000,704.163330078125,713.2035522460938,422.1656188964844
16331,7486000,162.9249725341797,178.7589111328125,418.59808349609375
16369,7505000,631.8270263671875,641.2745971679688,417.579345703125
16426,7524000,328.38641357421875,318.8559875488281,417.41461181640625
16483,7543000,288.0303955078125,276.59014892578125,418.3415222167969
16540,7562000,219.6501922607422,214.22232055664062,423.0559387207031
16578,7581000,505.23187255859375,511.06365966796875,422.1163330078125
16635,7600000,607.7289428710938,710.5586547851562,420.8830261230469
16673,7619000,762.9835815429688,741.4462890625,420.1744689941406
16711,7638000,355.2952880859375,361.9002990722656,423.544189453125
16768,7657000,506.86846923828125,507.247802734375,417.838134765625
16806,7676000,408.39105224609375,391.51116943359375,424.8277282714844
16844,7695000,338.017333984375,338.47967529296875,428.1564025878906
16901,7714000,169.20849609375,159.50027465820312,419.7426452636719
16958,7733000,658.841552734375,692.9034423828125,419.607421875
17015,7752000,1052.8294677734375,1068.3919677734375,425.1448669433594
17034,7771000,221.80184936523438,194.39031982421875,425.1997985839844
17091,7790000,425.6593017578125,487.96038818359375,418.6585998535156
17148,7809000,328.95672607421875,342.43511962890625,426.2691955566406
17205,7828000,374.7956237792969,385.15966796875,425.2626647949219
17243,7847000,515.7526245117188,621.8734130859375,424.072509765625
17300,7866000,623.2099609375,507.88775634765625,422.487548828125
17338,7885000,417.4997253417969,472.0171813964844,429.9482421875
17395,7904000,257.0294189453125,340.98236083984375,424.1358642578125
17433,7923000,475.0458679199219,420.8697204589844,426.4029235839844
17490,7942000,517.9039306640625,445.683349609375,429.9677734375
17528,7961000,1237.47509765625,1059.2525634765625,426.6978454589844
17585,7980000,338.55328369140625,452.32135009765625,433.6814880371094
17642,7999000,751.3385009765625,740.8267822265625,432.2447204589844
17680,8018000,382.1346435546875,411.01654052734375,430.4696960449219
17737,8037000,450.4029541015625,459.2451171875,426.3765563964844
17775,8056000,372.7265319824219,349.3304443359375,433.8451843261719
17832,8075000,295.490966796875,278.3296813964844,433.2367858886719
17870,8094000,838.7083129882812,750.5615844726562,432.7397766113281
17927,8113000,558.2760009765625,672.2310791015625,429.625732421875
17984,8132000,566.593505859375,552.6461791992188,435.498291015625
18022,8151000,497.35400390625,350.4619140625,437.1794738769531
18079,8170000,355.58978271484375,325.9383544921875,434.9463806152344
18117,8189000,437.05987548828125,380.7486877441406,431.99267578125
18174,8208000,272.49652099609375,277.04669189453125,433.560791015625
18212,8227000,550.6865234375,742.2653198242188,436.711669921875
18269,8246000,499.77716064453125,480.5395812988281,437.3016357421875
18308,8265000,349.63006591796875,255.80697631835938,439.431396484375
18346,8284000,500.4920654296875,333.4676513671875,433.54559326171875
18384,8303000,1086.0914306640625,912.5579833984375,442.0541076660156
18422,8322000,291.28759765625,325.50347900390625,444.18450927734375
18479,8341000,455.9496765136719,477.23004150390625,442.9548034667969
18536,8360000,397.53717041015625,368.3760986328125,442.9645080566406
18574,8379000,252.07177734375,265.7194519042969,442.68548583984375
18631,8398000,433.1189270019531,426.90362548828125,445.45770263671875
18669,8417000,479.68115234375,441.0765380859375,447.4640808105469
18707,8436000,549.8568115234375,482.1807861328125,447.6904602050781
18764,8455000,848.8817749023438,839.5026245117188,452.8520202636719
18802,8474000,672.9337768554688,661.9478759765625,446.70794677734375
18859,8493000,351.65460205078125,344.9971923828125,455.6357727050781
18916,8512000,699.6868896484375,672.1611938476562,455.0049133300781
18954,8531000,424.6122741699219,419.74432373046875,451.06939697265625
19011,8550000,608.3592529296875,464.41156005859375,454.23583984375
19049,8569000,402.7108154296875,399.2188415527344,458.21832275390625
19106,8588000,754.6256103515625,768.2897338867188,455.1775207519531
19163,8607000,534.6710205078125,491.776611328125,455.7452697753906
19201,8626000,1259.8426513671875,1270.21923828125,462.026611328125
19257,8645000,449.04376220703125,307.264404296875,465.6263732910156
19295,8664000,725.339599609375,721.6036376953125,458.222900390625
19345,8683000,788.544189453125,818.029541015625,461.1025390625
19383,8702000,625.377197265625,614.688720703125,466.94854736328125
19421,8721000,584.2763671875,558.484375,470.0928649902344
19478,8740000,854.664306640625,951.0736083984375,466.2119445800781
19533,8759000,735.2526245117188,739.997802734375,465.4587707519531
19573,8778000,875.170654296875,841.5805053710938,471.7375793457031
19611,8797000,637.0146484375,640.0496826171875,465.1772155761719
19668,8816000,373.84405517578125,341.69268798828125,466.82275390625
19723,8835000,999.1370849609375,1024.1004638671875,468.0229187011719
19761,8854000,373.15399169921875,368.6812744140625,472.48101806640625
19799,8873000,1213.2586669921875,1426.087158203125,476.01727294921875
19856,8892000,771.2886962890625,667.499755859375,472.6347961425781
19894,8911000,884.065673828125,684.993408203125,471.7268981933594
19951,8930000,640.0739135742188,517.9050903320312,479.4462890625
19989,8949000,1080.36181640625,1090.340576171875,475.36248779296875
20046,8968000,993.859130859375,996.1005249023438,474.49542236328125
20084,8987000,558.068359375,530.7489013671875,480.9658203125
20141,9006000,239.81976318359375,274.4598388671875,476.45892333984375
20181,9025000,473.3692321777344,529.1253662109375,474.4630432128906
20219,9044000,514.1051025390625,499.56390380859375,480.17669677734375
20276,9063000,844.8092041015625,903.7669677734375,484.55084228515625
20314,9082000,924.2885131835938,1031.453369140625,483.9697570800781
20371,9101000,689.408203125,771.6893920898438,482.87188720703125
20409,9120000,528.2931518554688,564.212158203125,477.4246520996094
20464,9139000,886.1547241210938,977.131591796875,482.61907958984375
20504,9158000,700.3653564453125,897.026611328125,481.6493835449219
20559,9177000,1661.02978515625,1687.05908203125,481.6553039550781
20597,9196000,912.7637939453125,888.1875,477.809814453125
20635,9215000,515.0601196289062,532.8158569335938,482.87109375
20692,9234000,543.2293701171875,491.4126892089844,480.7339782714844
20749,9253000,553.5814208984375,564.3574829101562,486.4960021972656
20787,9272000,259.0880126953125,253.4677276611328,490.5186767578125
20844,9291000,685.9598999023438,642.483154296875,480.6524658203125
20882,9310000,432.02911376953125,415.7800598144531,491.1560974121094
20920,9329000,1233.210205078125,1385.2200927734375,482.2998962402344
20977,9348000,969.89501953125,1098.372802734375,486.921630859375
21034,9367000,777.1514282226562,666.3822021484375,486.79559326171875
21072,9386000,592.0213012695312,668.5147705078125,488.1014099121094
21110,9405000,894.824951171875,896.45361328125,488.64190673828125
21167,9424000,605.6810302734375,627.7415771484375,484.42828369140625
21224,9443000,875.3085327148438,919.0454711914062,486.1548156738281
21262,9462000,301.0688781738281,412.3980712890625,483.04962158203125
21319,9481000,195.30606079101562,180.022705078125,483.7859802246094
21357,9500000,186.70095825195312,179.04615783691406,485.5618591308594
21395,9519000,1175.760498046875,1177.514404296875,487.1667175292969
21452,9538000,725.435546875,748.6785888671875,486.2377624511719
21490,9557000,217.90940856933594,207.62625122070312,484.4228820800781
21547,9576000,198.35862731933594,176.0568389892578,489.48577880859375
21585,9595000,773.8404541015625,896.3670654296875,495.8332214355469
21623,9614000,429.330322265625,415.2153015136719,487.7558898925781
21661,9633000,637.2259521484375,759.274169921875,482.4618835449219
21718,9652000,526.795654296875,474.6925354003906,483.5384521484375
21756,9671000,638.0762329101562,580.1370849609375,483.2284851074219
21813,9690000,643.9100341796875,508.10589599609375,484.79046630859375
21851,9709000,1360.484619140625,1188.7879638671875,487.24127197265625
21889,9728000,440.7875061035156,445.94757080078125,483.0032043457031
21946,9747000,227.21250915527344,197.38763427734375,485.9254150390625
21984,9766000,381.8065490722656,406.56207275390625,484.33331298828125
22041,9785000,735.228515625,712.4043579101562,479.8238830566406
22079,9804000,310.9718017578125,286.2314147949219,480.0011291503906
22136,9823000,574.0415649414062,483.70001220703125,479.3218994140625
22174,9842000,487.68963623046875,420.31134033203125,483.16162109375
22212,9861000,677.7100830078125,651.07666015625,478.337158203125
22269,9880000,1151.8377685546875,1050.0904541015625,480.6839294433594
22307,9899000,664.3404541015625,668.82275390625,484.5770263671875
22364,9918000,737.9906616210938,712.9710693359375,481.75323486328125
22402,9937000,617.7835693359375,576.0567016601562,480.1766052246094
22459,9956000,641.8233642578125,665.30322265625,478.8379821777344
22516,9975000,254.3374481201172,249.9718017578125,476.869140625
22554,9994000,925.7611083984375,1084.06591796875,477.55194091796875
22611,10013000,624.30322265625,609.336669921875,479.2906494140625
22651,10032000,345.52362060546875,336.80792236328125,477.9714050292969
22706,10051000,531.4872436523438,544.7638549804688,479.505859375
22746,10070000,704.3291015625,912.9132080078125,475.7158203125
22801,10089000,410.1837158203125,382.54278564453125,478.3805847167969
22839,10108000,623.779052734375,750.020263671875,471.9691162109375
22896,10127000,735.933837890625,717.2222900390625,477.5656433105469
22934,10146000,833.3121337890625,851.9859619140625,480.4325866699219
22972,10165000,585.6376953125,745.1799926757812,480.0525207519531
23029,10184000,562.4849243164062,687.6190185546875,471.3510437011719
23067,10203000,757.4113159179688,729.0870971679688,472.9083557128906
23124,10222000,1452.427001953125,1601.83447265625,468.8029479980469
23162,10241000,882.91748046875,1033.1981201171875,473.41229248046875
23219,10260000,193.40757751464844,273.5436706542969,478.1400146484375
23276,10279000,674.616943359375,696.260498046875,470.3535461425781
23316,10298000,1097.392578125,1102.162841796875,470.60394287109375
23354,10317000,750.9442138671875,864.218505859375,466.1066589355469
23411,10336000,463.0751953125,354.2952880859375,466.67657470703125
23466,10355000,433.9260559082031,444.3717956542969,470.8359069824219
23506,10374000,860.0531616210938,914.1380615234375,472.157958984375
23544,10393000,623.4295654296875,706.5181274414062,465.4315490722656
23601,10412000,405.8886413574219,427.4905700683594,467.1865234375
23639,10431000,909.7922973632812,809.0189819335938,464.9642028808594
23696,10450000,218.76922607421875,282.0473327636719,465.3614196777344
23753,10469000,503.4847412109375,626.9863891601562,464.3581848144531
23791,10488000,337.7625732421875,488.125244140625,464.8164367675781
23848,10507000,218.79153442382812,274.54132080078125,460.6169738769531
23886,10526000,702.356689453125,662.7415771484375,455.9303283691406
23924,10545000,589.9027099609375,591.751708984375,463.87945556640625
23981,10564000,1091.7725830078125,1032.861083984375,459.9082946777344
24019,10583000,465.51171875,455.28643798828125,454.42242431640625
24057,10602000,434.9737854003906,444.11224365234375,460.27880859375
24112,10621000,379.06756591796875,376.52374267578125,459.32086181640625
24169,10640000,705.6409301757812,742.6365356445312,456.6852722167969
24207,10659000,892.8495483398438,1014.4783935546875,458.5100402832031
24245,10678000,400.1056823730469,396.2149963378906,456.0978088378906
24283,10697000,345.0992126464844,346.7982177734375,457.7289123535156
24321,10716000,308.9659118652344,459.82818603515625,450.3502197265625
24359,10735000,307.52557373046875,356.0824890136719,450.50213623046875
24397,10754000,372.02838134765625,358.40277099609375,452.80328369140625
24454,10773000,341.82110595703125,175.1578369140625,450.86541748046875
24492,10792000,482.73248291015625,489.5162048339844,447.64215087890625
24549,10811000,248.60621643066406,210.446533203125,446.099609375
24587,10830000,290.4896545410156,149.92730712890625,446.10400390625
24644,10849000,382.9165344238281,294.5020751953125,443.2666320800781
24701,10868000,530.3057250976562,667.620849609375,443.73779296875
24739,10887000,567.472412109375,590.7955932617188,444.498779296875
24796,10906000,390.743896484375,385.731201171875,438.28802490234375
24834,10925000,527.0856323242188,495.25396728515625,443.1421203613281
24891,10944000,413.0947265625,301.566650390625,437.0511474609375
24929,10963000,487.5172119140625,576.8329467773438,435.5046081542969
24986,10982000,483.2827453613281,479.7796936035156,438.4366455078125
25024,11001000,870.3268432617188,789.3514404296875,436.6053771972656
25081,11020000,207.81150817871094,318.5399169921875,434.22222900390625
25119,11039000,548.732421875,634.6404418945312,433.6658935546875
25176,11058000,472.09735107421875,367.6944885253906,435.4930419921875
25214,11077000,629.9075927734375,630.0122680664062,427.3328552246094
25252,11096000,340.52825927734375,431.6717834472656,429.5227966308594
25309,11115000,634.7733154296875,623.209716796875,427.629150390625
25366,11134000,791.791015625,778.49658203125,425.3996887207031
25404,11153000,721.79296875,608.941650390625,423.66339111328125
25461,11172000,566.400390625,391.8296813964844,427.3915100097656
25499,11191000,458.91180419921875,465.818115234375,423.1196594238281
25556,11210000,139.93429565429688,155.6020965576172,425.3106689453125
25613,11229000,1107.628662109375,1057.248046875,416.3461608886719
25651,11248000,507.27154541015625,534.4241333007812,419.5313720703125
25689,11267000,465.29266357421875,506.45440673828125,419.33416748046875
25746,11286000,736.8231811523438,753.3040161132812,420.1848449707031
25784,11305000,240.2591094970703,418.42822265625,419.9485168457031
25824,11324000,321.59051513671875,317.5706481933594,415.8815002441406
25879,11343000,630.35546875,520.53369140625,414.4070129394531
25919,11362000,391.49609375,359.2588806152344,414.68792724609375
25974,11381000,777.2200927734375,703.1087646484375,411.4035949707031
26012,11400000,632.9202880859375,643.2297973632812,406.722412109375
26052,11419000,363.618896484375,306.7168273925781,408.4834899902344
26107,11438000,493.12396240234375,358.5157165527344,407.3927001953125
26147,11457000,361.7218322753906,309.26397705078125,406.8336486816406
26185,11476000,260.5367431640625,239.30117797851562,408.7861633300781
26221,11495000,169.20599365234375,186.2210235595703,405.9329528808594
26259,11514000,183.54428100585938,196.4842071533203,407.2952880859375
26297,11533000,270.6814880371094,196.24615478515625,408.2963562011719
26335,11552000,403.4132385253906,434.777587890625,403.80072021484375
26373,11571000,227.61480712890625,210.64190673828125,404.1571350097656
26430,11590000,548.0036010742188,511.4060974121094,399.4842224121094
26468,11609000,340.92718505859375,424.6414794921875,400.4062805175781
26506,11628000,368.4678955078125,357.443359375,400.7253723144531
26563,11647000,686.5614624023438,683.1878051757812,399.25372314453125
26601,11666000,895.0604248046875,772.070068359375,395.8027648925781
26639,11685000,640.815673828125,648.3276977539062,392.58636474609375
26677,11704000,139.86795043945312,146.1283721923828,394.7305908203125
26715,11723000,362.279052734375,244.92608642578125,393.706298828125
26772,11742000,285.9278564453125,353.44842529296875,392.0070495605469
26810,11761000,239.3536376953125,284.89599609375,391.3009338378906
26848,11780000,341.583740234375,317.0736999511719,388.3190002441406
26886,11799000,622.3712158203125,560.090576171875,391.10162353515625
26924,11818000,762.87255859375,747.3253784179688,384.6524658203125
26981,11837000,284.80615234375,267.2649230957031,387.9366149902344
27019,11856000,511.98828125,476.8514099121094,385.6066589355469
27057,11875000,230.54055786132812,181.33291625976562,381.65106201171875
27095,11894000,373.70556640625,230.72274780273438,382.6709289550781
27133,11913000,445.3540344238281,420.8631591796875,381.2084655761719
27190,11932000,404.54132080078125,477.4392395019531,377.972900390625
27209,11951000,684.5231323242188,675.3485107421875,376.35205078125
27266,11970000,327.2886962890625,345.12249755859375,380.862060546875
27304,11989000,399.13934326171875,454.9723205566406,378.33203125
27361,12008000,711.978759765625,725.1668701171875,373.2843322753906
27399,12027000,184.77828979492188,200.5307159423828,374.9447937011719
27437,12046000,411.1905822753906,403.8941650390625,369.29815673828125
27475,12065000,492.4488830566406,335.7657775878906,371.4637451171875
27513,12084000,529.9082641601562,557.0792846679688,367.6884460449219
27551,12103000,425.5166320800781,429.2010803222656,367.62432861328125
27589,12122000,327.1041564941406,317.7861328125,368.55462646484375
27646,12141000,598.856689453125,562.8627319335938,363.18646240234375
27703,12160000,143.31683349609375,135.80096435546875,368.00958251953125
27741,12179000,251.62396240234375,228.0196990966797,365.1597900390625
27779,12198000,363.24920654296875,365.060791015625,366.1069030761719
27836,12217000,324.68194580078125,323.1761474609375,362.73260498046875
27874,12236000,358.0234069824219,370.05877685546875,360.20098876953125
27893,12255000,346.42681884765625,363.7540283203125,360.0914001464844
27950,12274000,136.0095977783203,169.41009521484375,362.587158203125
27988,12293000,106.2421875,100.46400451660156,359.0769958496094
28045,12312000,350.3305969238281,351.8074951171875,354.61859130859375
28083,12331000,440.0425109863281,546.465576171875,352.75091552734375
28121,12350000,221.10052490234375,220.83078002929688,352.5779724121094
28178,12369000,261.2226867675781,277.88916015625,354.3144836425781
28216,12388000,221.0601348876953,223.63775634765625,353.60272216796875
28254,12407000,331.312255859375,305.97943115234375,349.3822021484375
28311,12426000,353.62615966796875,355.7646484375,350.8578796386719
28349,12445000,340.77655029296875,387.538330078125,354.2984313964844
28406,12464000,463.1345520019531,536.5730590820312,352.2497253417969
28425,12483000,142.6156005859375,135.6063232421875,348.3431701660156
28463,12502000,139.30560302734375,131.5780792236328,350.4077453613281
28520,12521000,361.38104248046875,343.8404235839844,349.29412841796875
28558,12540000,95.81356811523438,98.23626708984375,348.1068115234375
28615,12559000,244.63467407226562,226.26255798339844,347.9107971191406
28653,12578000,248.80596923828125,298.2022399902344,347.8441467285156
28691,12597000,430.2589416503906,407.6607666015625,343.5506896972656
28729,12616000,358.4686279296875,356.799560546875,347.1617736816406
28767,12635000,372.7091979980469,371.75250244140625,346.1732482910156
28805,12654000,306.671142578125,333.5721435546875,343.5406799316406
28862,12673000,400.48663330078125,406.6339111328125,341.5583190917969
28900,12692000,210.72244262695312,205.0525360107422,340.7113952636719
28957,12711000,263.00665283203125,268.5054016113281,343.2245178222656
28995,12730000,459.3150329589844,437.7382507324219,338.9059753417969
29052,12749000,472.44769287109375,516.35693359375,343.3163146972656
29090,12768000,131.44638061523438,129.66494750976562,340.42510986328125
29128,12787000,409.00701904296875,403.25177001953125,338.821533203125
29185,12806000,183.1733856201172,250.990234375,340.13055419921875
29223,12825000,362.4687805175781,354.19183349609375,337.9050598144531
29261,12844000,112.24546813964844,103.23469543457031,338.0707702636719
29318,12863000,581.38720703125,592.6869506835938,334.89459228515625
29356,12882000,406.3985595703125,463.34893798828125,336.13494873046875
29413,12901000,481.54034423828125,487.94873046875,335.29962158203125
29451,12920000,253.25099182128906,186.79754638671875,334.65399169921875
29470,12939000,120.75904846191406,152.30247497558594,336.5542907714844
29527,12958000,194.78854370117188,190.907958984375,335.91485595703125
29565,12977000,514.9089965820312,468.9203796386719,334.47705078125
29622,12996000,501.9529724121094,474.0467529296875,335.866943359375
29641,13015000,101.6597900390625,229.47802734375,329.0668640136719
29679,13034000,100.98030090332031,113.55255126953125,333.4546203613281
29736,13053000,290.31317138671875,296.89495849609375,331.7472229003906
29774,13072000,259.5198059082031,287.652099609375,330.3876037597656
29812,13091000,337.95849609375,232.01181030273438,329.7193603515625
29850,13110000,258.13189697265625,239.7125244140625,333.48687744140625
29907,13129000,548.77001953125,495.40386962890625,329.568603515625
29945,13148000,446.5421142578125,452.689697265625,329.8874816894531
29983,13167000,157.43106079101562,251.12005615234375,327.831298828125
30021,13186000,225.85089111328125,240.94906616210938,328.4713439941406
30078,13205000,270.1541748046875,280.68798828125,330.0565185546875
30116,13224000,277.2159423828125,258.348876953125,328.0301818847656
30154,13243000,278.1438293457031,349.7584228515625,327.6618347167969
30192,13262000,209.44981384277344,201.44827270507812,326.7441711425781
30230,13281000,237.29823303222656,220.17234802246094,323.37738037109375
30287,13300000,140.27481079101562,129.60353088378906,323.2228698730469
30325,13319000,280.5986328125,285.3801574707031,325.0311279296875
30382,13338000,203.6713104248047,199.03054809570312,323.8332214355469
30420,13357000,105.60018920898438,130.452392578125,323.85284423828125
30458,13376000,179.778564453125,212.492919921875,323.4655456542969
30515,13395000,411.2597351074219,412.435791015625,320.99822998046875
30553,13414000,220.76478576660156,208.7740936279297,322.2987365722656
30591,13433000,109.9588394165039,112.95756530761719,322.0055847167969
30629,13452000,144.48455810546875,148.71282958984375,319.2706298828125
30686,13471000,259.72918701171875,254.69302368164062,323.3587646484375
30724,13490000,485.96295166015625,487.87835693359375,317.3105163574219
30781,13509000,462.26495361328125,461.235107421875,316.8477478027344
30819,13528000,114.54237365722656,120.45083618164062,315.6302185058594
30876,13547000,425.46148681640625,414.8186950683594,319.1985168457031
30933,13566000,152.22369384765625,163.46463012695312,315.4302978515625
30971,13585000,124.56878662109375,131.87808227539062,315.3766784667969
31009,13604000,349.46038818359375,361.0654602050781,315.5841064453125
31047,13623000,160.05581665039062,150.93435668945312,315.5797424316406
31104,13642000,225.76947021484375,228.32672119140625,310.85015869140625
31142,13661000,431.9600830078125,442.7563781738281,311.94171142578125
31199,13680000,316.4435729980469,324.52789306640625,314.7608947753906
31237,13699000,237.1435546875,233.26119995117188,311.288330078125
31294,13718000,257.51080322265625,248.7777862548828,309.9717712402344
31351,13737000,359.6599426269531,363.89404296875,313.28570556640625
31389,13756000,346.1632080078125,359.9737548828125,309.5341796875
31446,13775000,252.19619750976562,237.20248413085938,309.4545593261719
31484,13794000,274.17724609375,283.0531921386719,308.634765625
31541,13813000,248.0525665283203,274.75433349609375,309.8244934082031
31579,13832000,386.1894226074219,476.4395751953125,308.7611389160156
31636,13851000,118.48085021972656,114.08238220214844,306.6167907714844
31674,13870000,170.42776489257812,158.8179931640625,307.0757141113281
31731,13889000,401.6766357421875,428.24761962890625,303.8387145996094
31769,13908000,150.35531616210938,95.48506164550781,307.03143310546875
31807,13927000,448.9915466308594,478.2169189453125,305.7558288574219
31845,13946000,189.82876586914062,114.33382415771484,305.12518310546875
31902,13965000,103.49504089355469,128.04962158203125,304.0907287597656
31940,13984000,163.57986450195312,162.18942260742188,301.8341369628906
31997,14003000,289.24700927734375,334.64776611328125,303.3758850097656
32035,14022000,253.2639617919922,249.18832397460938,303.25091552734375
32092,14041000,161.87835693359375,152.80514526367188,303.68463134765625
32130,14060000,205.71836853027344,238.15689086914062,303.0727844238281
32187,14079000,136.95542907714844,124.8221435546875,302.2415466308594
32206,14098000,249.8643035888672,286.26287841796875,301.16827392578125
32263,14117000,94.33642578125,91.72607421875,302.57025146484375
32301,14136000,86.33531188964844,83.82276916503906,303.7538757324219
32358,14155000,221.33628845214844,210.10006713867188,300.9127502441406
32396,14174000,388.0526428222656,469.52667236328125,301.3724670410156
32453,14193000,242.06295776367188,249.18524169921875,299.209716796875
32491,14212000,475.7725524902344,451.9738464355469,299.82025146484375
32548,14231000,623.771484375,604.9092407226562,297.167236328125
32586,14250000,85.10537719726562,83.06160736083984,296.1171569824219
32643,14269000,447.427490234375,441.3056640625,298.0576477050781
32700,14288000,74.38209533691406,67.67659759521484,299.54852294921875
32738,14307000,119.03201293945312,112.03148651123047,296.8782043457031
32776,14326000,398.92291259765625,417.35809326171875,297.2153625488281
32833,14345000,487.3228454589844,484.8533935546875,294.0028381347656
32871,14364000,149.93153381347656,141.57742309570312,294.36798095703125
32909,14383000,225.3488311767578,250.4823760986328,294.0133361816406
32947,14402000,304.3780822753906,294.2320556640625,294.0394287109375
32985,14421000,233.98397827148438,172.73626708984375,291.8290710449219
33023,14440000,323.02459716796875,317.42626953125,294.81805419921875
33061,14459000,406.7729187011719,403.0782470703125,291.3130187988281
33118,14478000,379.2766418457031,379.8536682128906,290.7572326660156
33156,14497000,398.09075927734375,397.7978210449219,293.1238098144531
33194,14516000,224.77413940429688,219.6531219482422,291.71893310546875
33251,14535000,503.0954284667969,498.6579895019531,290.5365905761719
33289,14554000,286.2967224121094,293.0977478027344,287.4543151855469
33346,14573000,181.80938720703125,162.97018432617188,287.3142395019531
33384,14592000,343.13238525390625,345.4659423828125,288.2491760253906
33441,14611000,239.41796875,261.9637451171875,287.8994140625
33479,14630000,449.61962890625,414.507568359375,286.6415710449219
33517,14649000,408.2461853027344,444.68792724609375,286.9346008300781
33574,14668000,274.35382080078125,255.80255126953125,285.4476623535156
33612,14687000,207.57186889648438,214.8365936279297,285.23114013671875
33650,14706000,274.4874267578125,282.94512939453125,282.94354248046875
33688,14725000,116.1847915649414,120.94989013671875,285.8487548828125
33745,14744000,325.60028076171875,291.63580322265625,278.4948425292969
33783,14763000,269.6886291503906,207.71902465820312,282.85302734375
33821,14782000,299.70928955078125,288.16168212890625,280.592041015625
33878,14801000,204.14273071289062,255.8119354248047,282.67742919921875
33916,14820000,292.8392333984375,255.70433044433594,278.1553039550781
33954,14839000,225.25466918945312,245.81686401367188,283.42816162109375
33994,14858000,116.72956848144531,85.85011291503906,280.54742431640625
34032,14877000,175.5325164794922,183.07919311523438,279.64276123046875
34089,14896000,345.8552551269531,441.5726318359375,276.8726806640625
34127,14915000,183.47314453125,190.13088989257812,278.6863098144531
34184,14934000,99.39567565917969,96.963134765625,279.8987121582031
34222,14953000,146.1276397705078,141.74563598632812,277.65240478515625
34277,14972000,435.13543701171875,377.77459716796875,277.7652893066406
34317,14991000,350.3711242675781,389.59368896484375,277.9094543457031
34355,15010000,146.69638061523438,142.28472900390625,275.4865417480469
34393,15029000,203.29983520507812,200.68544006347656,277.6158447265625
34412,15048000,146.8948974609375,140.6270751953125,272.3966369628906
34469,15067000,298.8721618652344,282.88604736328125,274.595458984375
34488,15086000,146.16949462890625,93.82948303222656,274.3336486816406
34526,15105000,406.0606384277344,397.0400390625,273.5169677734375
34583,15124000,349.28704833984375,342.8116760253906,273.8746032714844
34621,15143000,343.7410583496094,326.96649169921875,273.5977478027344
34678,15162000,384.08831787109375,384.2030029296875,274.9297790527344
34697,15181000,359.06689453125,339.4797668457031,271.8084716796875
34735,15200000,260.40277099609375,261.47601318359375,273.2862243652344
34792,15219000,162.47816467285156,167.7849578857422,270.4111022949219
34828,15238000,399.50506591796875,414.2579345703125,269.2010498046875
34868,15257000,377.963623046875,385.9139404296875,270.3085632324219
34923,15276000,116.81060028076172,119.54732513427734,272.4873962402344
34961,15295000,471.54400634765625,441.33966064453125,269.4295654296875
35001,15314000,257.90234375,236.14614868164062,268.5611267089844
35056,15333000,318.1279296875,326.5910949707031,270.3833312988281
35094,15352000,241.01004028320312,242.9967041015625,267.7244873046875
35134,15371000,118.26799011230469,96.40496063232422,273.583740234375
35189,15390000,258.4486083984375,271.9205017089844,270.0946960449219
35229,15409000,224.39047241210938,204.03944396972656,274.3468322753906
35284,15428000,203.67691040039062,203.9508056640625,270.69415283203125
35322,15447000,210.80380249023438,140.81019592285156,274.23065185546875
35360,15466000,201.73822021484375,201.0328369140625,273.1966857910156
35400,15485000,534.2395629882812,543.9739990234375,269.4996337890625
35438,15504000,247.873046875,187.53140258789062,272.16339111328125
35493,15523000,302.7532958984375,303.11749267578125,268.9425048828125
35533,15542000,64.46434020996094,66.22637939453125,269.97149658203125
35588,15561000,223.69776916503906,211.78726196289062,268.7314453125
35626,15580000,152.49546813964844,169.68389892578125,269.86944580078125
35664,15599000,243.27671813964844,240.43356323242188,268.8827819824219
35702,15618000,260.9795837402344,264.3681640625,269.43701171875
35759,15637000,242.85780334472656,227.55126953125,269.0046691894531
35797,15656000,215.58529663085938,201.64205932617188,267.2943115234375
35854,15675000,427.54248046875,430.25054931640625,272.5192565917969
35892,15694000,95.2894515991211,99.66117858886719,266.109619140625
35930,15713000,293.8081970214844,218.41961669921875,264.46099853515625
35968,15732000,208.49310302734375,222.34231567382812,270.7633056640625
36006,15751000,261.0859069824219,260.48052978515625,266.16748046875
36063,15770000,89.4832992553711,82.60032653808594,267.9500427246094
36101,15789000,346.69891357421875,413.399169921875,264.30767822265625
36139,15808000,267.320068359375,304.37957763671875,266.8650207519531
36196,15827000,315.12335205078125,337.74627685546875,265.8427734375
36234,15846000,209.86314392089844,211.23599243164062,267.1065979003906
36272,15865000,130.03372192382812,154.99359130859375,264.0049133300781
36310,15884000,242.83250427246094,238.77523803710938,265.8255310058594
36367,15903000,83.58755493164062,68.09877014160156,266.76885986328125
36405,15922000,140.27545166015625,131.25103759765625,267.5257568359375
36443,15941000,496.2444763183594,502.5681457519531,264.1790466308594
36481,15960000,185.85472106933594,194.27630615234375,266.93505859375
36538,15979000,80.66761779785156,84.5143814086914,267.5409851074219
36576,15998000,145.4559326171875,146.3114471435547,264.5374755859375
36614,16017000,166.46832275390625,176.36077880859375,265.0263671875
36652,16036000,202.99530029296875,266.1217956542969,264.74273681640625
36709,16055000,60.9875373840332,63.00830078125,263.75384521484375
36747,16074000,83.88420104980469,86.81358337402344,262.5506591796875
36804,16093000,289.6191711425781,287.0706787109375,264.432861328125
36842,16112000,231.35572814941406,218.34933471679688,266.4814453125
36880,16131000,182.6699981689453,179.21458435058594,262.5929870605469
36918,16150000,392.93328857421875,406.61865234375,262.84234619140625
36975,16169000,272.35235595703125,330.5390625,263.0308837890625
37013,16188000,75.38848876953125,68.73204040527344,264.5365905761719
37051,16207000,124.27530670166016,127.36878204345703,262.84368896484375
37089,16226000,245.39614868164062,247.83859252929688,260.81390380859375
37146,16245000,281.27001953125,254.12091064453125,259.2395935058594
37184,16264000,128.3322296142578,124.35591125488281,261.8740539550781
37222,16283000,159.67892456054688,176.2034454345703,258.07781982421875
37260,16302000,251.86294555664062,246.30686950683594,256.6885070800781
37317,16321000,126.94754028320312,137.10183715820312,260.0810241699219
37355,16340000,195.078125,187.4595947265625,257.4283447265625
37393,16359000,141.02784729003906,142.7510986328125,257.6052551269531
37431,16378000,267.077392578125,270.9711608886719,258.98101806640625
37488,16397000,182.82473754882812,170.47601318359375,258.8053283691406
37526,16416000,113.13113403320312,120.99039459228516,258.4110412597656
37583,16435000,350.67266845703125,324.1474914550781,257.47998046875
37621,16454000,133.26426696777344,126.71231079101562,255.99620056152344
37659,16473000,132.29574584960938,135.3037109375,255.74571228027344
37697,16492000,173.37342834472656,241.82225036621094,252.24244689941406
37754,16511000,198.82774353027344,178.2327880859375,253.9389190673828
37792,16530000,106.220458984375,92.21354675292969,254.2296142578125
37830,16549000,173.35696411132812,178.19940185546875,252.13775634765625
37868,16568000,99.16825103759766,94.34245300292969,255.3494415283203
37906,16587000,268.8143005371094,252.74896240234375,251.4111785888672
37944,16606000,166.5289306640625,126.3304443359375,250.05435180664062
37982,16625000,61.971946716308594,61.753265380859375,253.52511596679688
38039,16644000,123.09578704833984,124.69579315185547,254.31263732910156
38077,16663000,195.73837280273438,189.09300231933594,250.33705139160156
38115,16682000,161.2974853515625,162.25787353515625,248.5506591796875
38153,16701000,245.19284057617188,149.09620666503906,249.79922485351562
38191,16720000,338.00946044921875,295.3717041015625,248.71865844726562
38229,16739000,130.9071502685547,128.5965576171875,249.59283447265625
38286,16758000,391.61627197265625,376.4791259765625,249.51016235351562
38324,16777000,101.52096557617188,94.70626831054688,249.29074096679688
38381,16796000,286.66632080078125,354.1584777832031,248.5904998779297
38419,16815000,272.64776611328125,332.50860595703125,246.46583557128906
38457,16834000,127.88268280029297,127.80342102050781,247.4425506591797
38476,16853000,183.9232177734375,184.15716552734375,250.1981658935547
38533,16872000,240.976318359375,203.78335571289062,246.80662536621094
38571,16891000,272.036376953125,205.1572265625,247.69859313964844
38609,16910000,242.59048461914062,218.82391357421875,245.37001037597656
38647,16929000,149.2151641845703,156.36767578125,245.7179718017578
38685,16948000,165.64593505859375,130.8674774169922,249.81239318847656
38742,16967000,74.24017333984375,67.13273620605469,244.58477783203125
38780,16986000,130.1101837158203,120.45519256591797,247.52957153320312
38818,17005000,248.9119873046875,252.32615661621094,243.92584228515625
38856,17024000,121.08218383789062,115.30470275878906,243.6538543701172
38913,17043000,194.55108642578125,229.48306274414062,240.73934936523438
38951,17062000,128.54595947265625,122.6086654663086,244.31246948242188
39008,17081000,169.61703491210938,172.76773071289062,244.46426391601562
39046,17100000,206.70960998535156,216.28265380859375,243.50665283203125
39084,17119000,81.97648620605469,80.10499572753906,243.32643127441406
39122,17138000,86.3736572265625,113.1506118774414,240.53768920898438
39160,17157000,171.91403198242188,166.980224609375,242.68893432617188
39198,17176000,269.6939392089844,271.01910400390625,239.90635681152344
39255,17195000,109.85629272460938,109.28823852539062,240.04493713378906
39293,17214000,109.0262680053711,103.53911590576172,239.88644409179688
39331,17233000,426.1727294921875,372.77093505859375,238.25465393066406
39369,17252000,169.81085205078125,172.21998596191406,239.34580993652344
39407,17271000,104.95828247070312,99.34291076660156,238.6093292236328
39445,17290000,123.71707153320312,130.92408752441406,237.3605499267578
39502,17309000,165.94918823242188,154.76939392089844,236.30801391601562
39540,17328000,353.9872741699219,342.5198974609375,236.03753662109375
39578,17347000,237.29150390625,238.63735961914062,238.01202392578125
39635,17366000,263.2412109375,263.15728759765625,235.04428100585938
39673,17385000,88.12747192382812,87.75959777832031,237.22439575195312
39711,17404000,219.6753692626953,228.87255859375,236.7729034423828
39749,17423000,295.24310302734375,297.93426513671875,234.69955444335938
39787,17442000,119.54145812988281,104.13381958007812,236.59288024902344
39825,17461000,217.1691436767578,140.90066528320312,235.63693237304688
39863,17480000,279.525634765625,246.1924591064453,235.04360961914062
39901,17499000,150.3202362060547,155.10142517089844,236.32701110839844
39958,17518000,204.14016723632812,200.26609802246094,232.01522827148438
39996,17537000,289.21063232421875,349.0841064453125,232.9083251953125
40034,17556000,186.13137817382812,153.79269409179688,231.4921417236328
40072,17575000,80.54182434082031,94.94938659667969,231.827392578125
40110,17594000,97.680908203125,104.90982818603516,232.31655883789062
40148,17613000,160.50340270996094,171.65054321289062,232.4310302734375
40205,17632000,182.19158935546875,159.30636596679688,229.15969848632812
40243,17651000,372.208740234375,379.1378173828125,230.74835205078125
40300,17670000,126.11289978027344,137.9070281982422,231.1322479248047
40338,17689000,150.3875274658203,160.7734375,231.75010681152344
40395,17708000,79.63758850097656,67.47614288330078,233.11729431152344
40433,17727000,79.91521453857422,83.85549926757812,230.73263549804688
40490,17746000,91.14071655273438,90.28826904296875,232.89854431152344
40528,17765000,129.20565795898438,136.91270446777344,234.80897521972656
40566,17784000,247.2712860107422,252.87030029296875,231.45742797851562
40623,17803000,143.88967895507812,124.35245513916016,231.36863708496094
40661,17822000,185.8895263671875,175.3938446044922,229.66488647460938
40718,17841000,199.55162048339844,216.9942626953125,228.3338623046875
40756,17860000,259.9399719238281,231.864013671875,226.2549285888672
40794,17879000,64.79948425292969,62.030548095703125,228.67364501953125
40832,17898000,134.63125610351562,133.25274658203125,229.8885955810547
40870,17917000,127.54939270019531,136.1549530029297,226.73861694335938
40927,17936000,275.03857421875,252.3783416748047,228.56422424316406
40965,17955000,262.6756896972656,301.4844970703125,230.04615783691406
41022,17974000,133.32583618164062,144.69570922851562,229.5967559814453
41060,17993000,125.42290496826172,154.43154907226562,227.85765075683594
41098,18012000,192.53805541992188,137.1000518798828,225.78024291992188
41136,18031000,182.2389373779297,144.90896606445312,229.23973083496094
41193,18050000,124.79876708984375,130.38592529296875,226.90931701660156
41231,18069000,286.53277587890625,247.4198455810547,227.70860290527344
41269,18088000,123.76655578613281,140.6494598388672,229.88710021972656
41326,18107000,180.78750610351562,169.2537078857422,229.52281188964844
41364,18126000,221.39727783203125,224.740478515625,229.22596740722656
41402,18145000,124.99669647216797,127.7213134765625,228.3532257080078
41459,18164000,253.20526123046875,297.52508544921875,229.15077209472656
41497,18183000,91.93083190917969,82.5157470703125,226.79367065429688
41535,18202000,127.63984680175781,126.64134979248047,227.0101776123047
41573,18221000,122.38545989990234,117.5154037475586,229.65455627441406
41611,18240000,203.7871856689453,202.55706787109375,227.62127685546875
41649,18259000,73.64796447753906,81.96141052246094,227.6753692626953
41687,18278000,293.58050537109375,223.77227783203125,225.81015014648438
41725,18297000,73.55169677734375,82.4001693725586,231.5970001220703
41782,18316000,153.4544219970703,163.083251953125,226.87698364257812
41820,18335000,270.56854248046875,269.422119140625,229.6558837890625
41858,18354000,176.08270263671875,180.20062255859375,229.8619384765625
41896,18373000,311.10821533203125,269.8448181152344,225.84130859375
41953,18392000,100.33958435058594,97.430908203125,228.45579528808594
42010,18411000,129.00750732421875,131.8659210205078,228.68405151367188
42048,18430000,148.04421997070312,143.18260192871094,226.79551696777344
42086,18449000,111.54852294921875,105.93507385253906,228.9012451171875
42124,18468000,72.19332885742188,72.70135498046875,228.8450164794922
42162,18487000,214.84103393554688,211.62005615234375,227.40078735351562
42219,18506000,142.91513061523438,165.29791259765625,232.9763641357422
42238,18525000,312.9356689453125,253.22142028808594,227.61061096191406
42295,18544000,179.24203491210938,182.08407592773438,227.06187438964844
42314,18563000,148.17112731933594,131.67172241210938,227.33990478515625
42371,18582000,248.6849822998047,245.5575408935547,226.17999267578125
42409,18601000,150.5279083251953,154.2892303466797,230.58909606933594
42466,18620000,114.93701934814453,103.99176025390625,231.74183654785156
42504,18639000,229.38702392578125,234.54908752441406,228.72662353515625
42542,18658000,87.0489501953125,86.63459777832031,227.52383422851562
42580,18677000,131.03282165527344,111.35783386230469,232.67459106445312
42637,18696000,202.10562133789062,194.9620361328125,229.98428344726562
42675,18715000,358.42742919921875,260.5960693359375,229.1928253173828
42713,18734000,139.37474060058594,163.3349609375,228.85643005371094
42751,18753000,235.54652404785156,243.41342163085938,231.27493286132812
42808,18772000,148.8648223876953,139.6024627685547,230.73045349121094
42846,18791000,163.29598999023438,164.19842529296875,233.06301879882812
42903,18810000,160.9467315673828,151.9951171875,231.5897216796875
42941,18829000,156.48287963867188,155.3382110595703,234.75823974609375
42979,18848000,150.14646911621094,164.24114990234375,233.99307250976562
43017,18867000,246.4037322998047,255.90548706054688,231.7716522216797
43055,18886000,105.10821533203125,105.20438385009766,233.3824462890625
43093,18905000,160.59310913085938,158.66433715820312,231.7735137939453
43131,18924000,262.8590087890625,187.9373779296875,232.1454315185547
43188,18943000,93.49223327636719,87.4214096069336,233.32998657226562
43226,18962000,262.5961608886719,320.05657958984375,230.62770080566406
43264,18981000,114.77442932128906,109.96452331542969,232.89170837402344
43321,19000000,127.50025939941406,125.71024322509766,234.48464965820312
43359,19019000,156.06411743164062,164.6555938720703,232.54571533203125
43397,19038000,152.90786743164062,152.9920654296875,237.0529327392578
43435,19057000,115.79808044433594,113.63015747070312,235.5202178955078
43473,19076000,175.01087951660156,222.78822326660156,234.51271057128906
43511,19095000,125.94474792480469,177.8646240234375,235.44039916992188
43568,19114000,243.97682189941406,279.34820556640625,238.02761840820312
43625,19133000,270.9164733886719,269.6039733886719,236.07998657226562
43663,19152000,70.14884185791016,71.00144958496094,234.36526489257812
43701,19171000,209.44964599609375,200.81198120117188,235.10459899902344
43758,19190000,100.552490234375,98.29265594482422,234.25601196289062
43796,19209000,160.97152709960938,160.4269561767578,238.4449462890625
43834,19228000,262.46795654296875,259.05609130859375,237.67897033691406
43891,19247000,130.21023559570312,96.04387664794922,241.19866943359375
43929,19266000,253.05738830566406,220.8555145263672,236.14053344726562
43967,19285000,279.58367919921875,307.4750671386719,236.88742065429688
44024,19304000,239.6417694091797,238.89602661132812,233.95472717285156
44062,19323000,163.52374267578125,166.055908203125,238.03329467773438
44119,19342000,197.311767578125,201.58274841308594,236.35745239257812
44157,19361000,91.85965728759766,82.13916778564453,236.05003356933594
44195,19380000,174.85101318359375,199.10162353515625,239.9215087890625
44233,19399000,311.6045837402344,227.33204650878906,236.13209533691406
44290,19418000,227.32598876953125,218.53248596191406,235.64781188964844
44328,19437000,240.64422607421875,245.68527221679688,237.34136962890625
44366,19456000,288.11749267578125,295.81964111328125,237.65341186523438
44404,19475000,198.7377471923828,203.74188232421875,238.94863891601562
44461,19494000,270.8476257324219,260.510009765625,236.13710021972656
44499,19513000,57.64617919921875,60.63279724121094,240.92576599121094
44537,19532000,122.52120971679688,122.65345001220703,239.04212951660156
44575,19551000,153.71917724609375,182.2061309814453,237.7841339111328
44622,19570000,195.98777770996094,185.60888671875,239.03863525390625
44670,19589000,120.87203979492188,120.7024917602539,236.56944274902344
44708,19608000,264.3616027832031,263.45977783203125,235.70208740234375
44746,19627000,155.43450927734375,130.67642211914062,237.68350219726562
44784,19646000,208.61175537109375,215.5502471923828,238.11863708496094
44822,19665000,321.88037109375,298.3994140625,238.23135375976562
44860,19684000,224.96600341796875,226.16712951660156,242.31671142578125
44898,19703000,338.56341552734375,319.028076171875,239.12896728515625
44936,19722000,139.9646759033203,137.54933166503906,239.14186096191406
44974,19741000,261.34759521484375,255.8724365234375,241.74374389648438
45012,19760000,216.71168518066406,246.09613037109375,240.36549377441406
45050,19779000,137.9185791015625,140.88107299804688,240.95106506347656
45088,19798000,103.01892852783203,99.36691284179688,238.90802001953125
45126,19817000,254.3231201171875,270.8774108886719,241.15658569335938
45164,19836000,150.70596313476562,116.59798431396484,240.56190490722656
45202,19855000,251.24395751953125,267.4881286621094,239.58944702148438
45259,19874000,139.0986328125,108.2003173828125,240.48751831054688
45297,19893000,151.5845184326172,171.677001953125,239.38265991210938
45335,19912000,126.75255584716797,119.7943344116211,241.3034210205078
45373,19931000,185.16116333007812,185.69326782226562,239.64097595214844
45411,19950000,114.91799926757812,106.73800659179688,241.47866821289062
45449,19969000,170.21543884277344,178.18014526367188,241.35382080078125
45487,19988000,286.1984558105469,281.1840515136719,240.47622680664062
45544,20007000,137.2217559814453,142.97354125976562,242.70106506347656
45582,20026000,157.98602294921875,162.51527404785156,240.42124938964844
45620,20045000,199.60519409179688,200.58056640625,239.09339904785156
45677,20064000,317.4747314453125,270.9697570800781,242.24122619628906
45715,20083000,194.306396484375,199.09884643554688,241.87461853027344
45772,20102000,199.17254638671875,210.2810821533203,239.0171356201172
45791,20121000,121.6026382446289,122.9895248413086,240.06936645507812
45848,20140000,299.2564392089844,262.619384765625,241.56105041503906
45886,20159000,166.73226928710938,169.50527954101562,241.6392822265625
45924,20178000,131.59213256835938,129.8157958984375,241.8231658935547
45962,20197000,143.15806579589844,141.3980255126953,241.06297302246094
46000,20216000,234.61294555664062,263.403564453125,239.47610473632812
46057,20235000,77.9300765991211,76.76478576660156,241.81060791015625
46095,20254000,73.30475616455078,74.45037841796875,241.85055541992188
46133,20273000,76.72048950195312,83.0302505493164,243.10507202148438
46190,20292000,115.49250793457031,132.95010375976562,242.68264770507812
46209,20311000,122.45028686523438,155.08343505859375,244.46395874023438
46247,20330000,118.1217041015625,99.8541259765625,241.91207885742188
46304,20349000,145.12313842773438,118.6862564086914,242.0897674560547
46342,20368000,240.36181640625,220.05752563476562,240.07244873046875
46399,20387000,141.0550994873047,138.4821014404297,239.97218322753906
46437,20406000,91.5978775024414,79.62862396240234,245.62033081054688
46494,20425000,116.79232025146484,122.60893249511719,241.27076721191406
46532,20444000,155.49655151367188,166.67886352539062,241.21438598632812
46570,20463000,104.28501892089844,100.50628662109375,242.1478729248047
46627,20482000,255.03604125976562,253.79641723632812,244.33084106445312
46665,20501000,131.57113647460938,136.36676025390625,241.3002166748047
46703,20520000,178.3331298828125,179.712646484375,239.97573852539062
46741,20539000,317.4473571777344,312.0425720214844,243.2200469970703
46798,20558000,223.3983612060547,218.02911376953125,241.45635986328125
46836,20577000,289.05767822265625,294.83465576171875,243.9906463623047
